"name","type","n","missing","unique","mean","median","mode","mode_value","sd","v","min","max","range","skew","skew_2se","kurt","kurt_2se","category","description"
"Ozone","integer",116,0.241830065359477,68,42.1293103448276,31.5,31.5,NA,32.987884514434,NA,1,168,167,1.20986555156197,2.69384381793324,1.11224306699398,1.24823130163833,NA,NA
"Solar.R","integer",146,0.0457516339869281,118,185.931506849315,205,205,NA,90.0584222283817,NA,7,334,327,-0.419289251989128,-1.04467385952217,-1.00405806932578,-1.25895340501811,NA,NA
"Wind","numeric",153,0,31,9.95751633986928,9.7,9.7,NA,3.5230013522126,NA,1.7,20.7,19,0.341027534935293,0.869415640668822,0.0288646774585724,0.0370225846595457,NA,NA
"Temp","integer",153,0,40,77.8823529411765,79,79,NA,9.46526974097146,NA,56,97,41,-0.370507250377345,-0.94457123094293,-0.462892872157197,-0.593718414915131,NA,NA
"Month","integer",153,0,5,6.99346405228758,7,7,NA,1.41652248401231,NA,5,9,4,-0.00234481028063648,-0.00597785962583113,-1.31674648371699,-1.68889322385598,NA,NA
"Day","integer",153,0,31,15.8039215686275,16,16,NA,8.86452036842542,NA,1,31,30,0.00260008257808161,0.00662865085320335,-1.22244060374125,-1.56793405393954,NA,NA
